ID_BVOTE;SCRUTIN;ANNEE;TOUR;DATE;NUM_CIRC;NUM_QUARTIER;NUM_ARROND;NUM_BUREAU;NB_PROCU;NB_INSCR;NB_EMARG;NB_VOTANT;NB_BLANC;NB_NUL;NB_EXPRIM;M. BONY Clément (LFI);M. MILLOT Georges (LO);M. GRÉGOIRE Emmanuel   (PS);Mme MAGNAN Annick  (RN);Mme MAZETIER Sandrine (LREM Buzyn);Mme MONTANDON Valérie  (LR);M. REBOURG Patrick (LREM Villani);Mme ELBAZ Caroline  (Marcel Campion);Mme PIERRE-MARIE Emmanuelle  (Les écologiste);geo_shape;geo_point_2d;st_area(shape);st_perimeter(shape);Taux abstention;Taux d'abstention en %
1;Municipales;2020;1;15/03/20;8;46;12;1;28;1231;586;592;3;2;586;19;8;217;4;99;126;37;2;80;"{""coordinates"":[[[2.389272431742344,48.84101560337866],[2.391769262584658,48.840491418098146],[2.3923056314080386,48.840378546572396],[2.392323476103674,48.84036124988413],[2.3922018873616704,48.840192110846694],[2.3901200638772715,48.839335159399795],[2.389286495047993,48.83898899437953],[2.3876406363931824,48.84084275389235],[2.388231078943331,48.84124418351357],[2.3882630212865,48.841246679804584],[2.389272431742344,48.84101560337866]]],""type"":""Polygon""}";48.84021535170182, 2.389732082780912;42555,25499;891,0318234;52;52 %
2;Municipales;2020;1;15/03/20;8;46;12;2;18;1303;553;554;4;6;544;25;2;196;10;83;103;46;3;76;"{""coordinates"":[[[2.3933914081639127,48.84106743096837],[2.3937275295082343,48.84130543814853],[2.3940552761978067,48.84102809214281],[2.394683177631227,48.840489027950255],[2.394714348259523,48.840485572045516],[2.3949982119353574,48.84060228174126],[2.3953562993080753,48.84026390560611],[2.395098827656125,48.840165205870825],[2.3950866166268834,48.84013976056927],[2.3957559813091436,48.83957920031195],[2.394272689456125,48.83932705790896],[2.3931432821461494,48.838541231690336],[2.3919398507262786,48.83919017504769],[2.3903404602695804,48.839073209670765],[2.3901200638772715,48.839335159399795],[2.3922018873616704,48.840192110846694],[2.392323476103674,48.84036124988413],[2.3923056314080386,48.840378546572396],[2.391769262584658,48.840491418098146],[2.391937486973181,48.84129865231805],[2.3919679098124145,48.84130469416525],[2.3933914081639127,48.84106743096837]]],""type"":""Polygon""}";48.83994056123301, 2.3931077683616855;61661,35247;1271,435221;58;58 %
3;Municipales;2020;1;15/03/20;8;46;12;3;13;1393;590;590;4;9;577;22;2;200;9;101;130;42;6;65;"{""coordinates"":[[[2.3994577326413253,48.84045570913117],[2.400506570378146,48.84050691558177],[2.400581433234603,48.84044115630784],[2.4003045320388052,48.839627856641755],[2.4002436455975222,48.83958060386448],[2.396700914268182,48.83958262698226],[2.3957559813091436,48.83957920031195],[2.3950866166268834,48.84013976056927],[2.395098827656125,48.840165205870825],[2.3953562993080753,48.84026390560611],[2.396075669816893,48.84054140286101],[2.3988027040751705,48.841124627365176],[2.3988314641367845,48.84111482408556],[2.3994577326413253,48.84045570913117]]],""type"":""Polygon""}";48.8401734001618, 2.3979555566047766;46270,50886;979,9342327;58;58 %
4;Municipales;2020;1;15/03/20;8;46;12;4;27;1457;572;572;2;11;559;30;6;203;4;97;123;30;2;64;"{""coordinates"":[[[2.4002436455975222,48.83958060386448],[2.4003222801927304,48.83953272311723],[2.4003217365448997,48.83951425112201],[2.400667692339706,48.839187027570986],[2.401280946947284,48.83859666958016],[2.4022666784572735,48.837349175190596],[2.4021979731596845,48.83719056656636],[2.4021496568535774,48.837231626502806],[2.399414832764225,48.83821054065557],[2.396686566308585,48.839195930994755],[2.396700914268182,48.83958262698226],[2.4002436455975222,48.83958060386448]]],""type"":""Polygon""}";48.83873081359895, 2.3996033081297097;46232,20592;1074,09892;61;61 %
5;Municipales;2020;1;15/03/20;8;46;12;5;37;1451;663;663;6;7;650;21;4;183;12;108;196;55;2;69;"{""coordinates"":[[[2.3977934370578184,48.842349193238604],[2.400383429446017,48.84252257138104],[2.401270790486256,48.84233882782806],[2.4008793877339256,48.841274325357304],[2.400944740481975,48.84120515736264],[2.4008416210306947,48.841162344054666],[2.400581433234603,48.84044115630784],[2.400506570378146,48.84050691558177],[2.3994577326413253,48.84045570913117],[2.3988314641367845,48.84111482408556],[2.3988027040751705,48.841124627365176],[2.396075669816893,48.84054140286101],[2.3953562993080753,48.84026390560611],[2.3949982119353574,48.84060228174126],[2.394714348259523,48.840485572045516],[2.394683177631227,48.840489027950255],[2.3940552761978067,48.84102809214281],[2.3950263754131127,48.8415160775526],[2.395212866368824,48.84296915326019],[2.395196126802143,48.84299595944479],[2.397175792624204,48.84301720251622],[2.3972294447014577,48.843017714789234],[2.3977934370578184,48.842349193238604]]],""type"":""Polygon""}";48.8416496808439, 2.3976608937724895;100490,5238;1565,994889;54;54 %
6;Municipales;2020;1;15/03/20;8;46;12;6;52;1548;661;661;4;10;647;22;6;209;6;107;173;54;3;67;"{""coordinates"":[[[2.3981627252722535,48.845321404117264],[2.3982164009736833,48.845361142370045],[2.398251362492059,48.84531377646355],[2.402202042646666,48.844968311015684],[2.402268556540335,48.84499156974381],[2.4022463773746607,48.84494521853502],[2.4022902032579347,48.844922173859324],[2.402220399104743,48.84488842749739],[2.401270790486256,48.84233882782806],[2.400383429446017,48.84252257138104],[2.3977934370578184,48.842349193238604],[2.3972294447014577,48.843017714789234],[2.397175792624204,48.84301720251622],[2.3971981692821056,48.84305402976661],[2.395100328518742,48.84557567435741],[2.3981627252722535,48.845321404117264]]],""type"":""Polygon""}";48.84400907800107, 2.398976548127378;122472,9545;1516,737286;57;57 %
7;Municipales;2020;1;15/03/20;8;46;12;7;35;1511;804;804;3;10;791;28;0;225;5;160;230;62;3;78;"{""coordinates"":[[[2.395100328518742,48.84557567435741],[2.3971981692821056,48.84305402976661],[2.397175792624204,48.84301720251622],[2.395196126802143,48.84299595944479],[2.394777991747937,48.84361389999451],[2.3934429011351104,48.84559054537249],[2.3946147828972904,48.84613625840303],[2.395100328518742,48.84557567435741]]],""type"":""Polygon""}";48.84438257219081, 2.39519603527187;42600,13448;962,555082;47;47 %
8;Municipales;2020;1;15/03/20;8;46;12;8;22;1419;589;589;8;12;569;38;5;161;7;102;145;47;7;57;"{""coordinates"":[[[2.395196126802143,48.84299595944479],[2.395212866368824,48.84296915326019],[2.3950263754131127,48.8415160775526],[2.3940552761978067,48.84102809214281],[2.3937275295082343,48.84130543814853],[2.3921893290758485,48.84263049479504],[2.391956791686845,48.84280253678618],[2.394777991747937,48.84361389999451],[2.395196126802143,48.84299595944479]]],""type"":""Polygon""}";48.84240316327018, 2.393942542586154;39075,25074;806,4277712;59;59 %
9;Municipales;2020;1;15/03/20;8;46;12;9;25;1434;527;527;6;13;508;47;1;175;9;62;111;41;4;58;"{""coordinates"":[[[2.391956791686845,48.84280253678618],[2.3921893290758485,48.84263049479504],[2.3937275295082343,48.84130543814853],[2.3933914081639127,48.84106743096837],[2.3919679098124145,48.84130469416525],[2.391937486973181,48.84129865231805],[2.391769262584658,48.840491418098146],[2.389272431742344,48.84101560337866],[2.3894580707234114,48.84137711349832],[2.389785451864279,48.841339780482876],[2.389805289780359,48.84134796782174],[2.3900170918016834,48.84172261693284],[2.390007950171019,48.84174406951347],[2.3894666179898474,48.84187632703729],[2.3894590476088515,48.841897272260304],[2.3898383423063714,48.84264552551994],[2.3912570155848702,48.84330761919308],[2.391956791686845,48.84280253678618]]],""type"":""Polygon""}";48.84181752590636, 2.3912632529145044;54930,98967;1092,035863;63;63 %
10;Municipales;2020;1;15/03/20;8;46;12;10;26;1537;628;628;1;6;621;30;3;221;3;100;117;56;2;89;"{""coordinates"":[[[2.387735123168474,48.84592510207235],[2.3883250804084577,48.8458040832896],[2.3892269256388254,48.84507555583866],[2.3899481775051123,48.84448610525994],[2.38590588028224,48.84265993348978],[2.385532886136203,48.8430371206084],[2.385663162357011,48.84311762939067],[2.3849976973187146,48.84376404637176],[2.3845631077190177,48.84542373404412],[2.3847047200711806,48.84574788566002],[2.3849459716616805,48.84586740781044],[2.3852327400169697,48.8458259806315],[2.3861496807156386,48.84631886599607],[2.3863869174428993,48.84613675728788],[2.3871835298258963,48.84641903652323],[2.38721273775244,48.846417704890904],[2.387735123168474,48.84592510207235]]],""type"":""Polygon""}";48.8446694422134, 2.3868630407106903;95882,58646;1261,119822;59;59 %
11;Municipales;2020;1;15/03/20;8;46;12;11;44;1371;629;629;2;9;618;19;3;230;7;95;148;44;5;67;"{""coordinates"":[[[2.3845631077190177,48.84542373404412],[2.3849976973187146,48.84376404637176],[2.385663162357011,48.84311762939067],[2.385532886136203,48.8430371206084],[2.3852864648820216,48.843272452606556],[2.384818688562793,48.8436455852114],[2.3834134625708856,48.844830931430145],[2.3834242834448567,48.84487559264942],[2.3834646961586143,48.844894702726435],[2.38451901679332,48.845441400831845],[2.3845631077190177,48.84542373404412]]],""type"":""Polygon""}";48.844476861219455, 2.3844224804822733;12015,57859;651,1616292;54;54 %
12;Municipales;2020;1;15/03/20;8;46;12;12;17;1541;694;694;4;10;680;29;4;232;13;130;123;67;4;78;"{""coordinates"":[[[2.38519978011648,48.85000978874491],[2.3851306089109023,48.84996340437673],[2.386079795589817,48.84866458401407],[2.3859004633340346,48.84850486913604],[2.385894316237622,48.848478147435955],[2.3871130732380443,48.846910337355745],[2.387173469828539,48.84687799023103],[2.3861496807156386,48.84631886599607],[2.3852327400169697,48.8458259806315],[2.3849459716616805,48.84586740781044],[2.3847047200711806,48.84574788566002],[2.3845631077190177,48.84542373404412],[2.38451901679332,48.845441400831845],[2.3834646961586143,48.844894702726435],[2.3833972102482894,48.84492770490258],[2.384340234513652,48.85013198618082],[2.384394993888553,48.85013708847574],[2.38519978011648,48.85000978874491]]],""type"":""Polygon""}";48.84748121343351, 2.385001821236394;80809,14892;1415,780325;55;55 %
13;Municipales;2020;1;15/03/20;8;46;12;13;33;1471;723;723;9;11;703;28;5;280;6;93;126;70;8;87;"{""coordinates"":[[[2.3873977422059514,48.8496716099759],[2.3874631806102404,48.84970192136556],[2.3874660219961035,48.84966145510922],[2.3896049766729783,48.84932848453867],[2.388526607121857,48.84802159179624],[2.3891027632577924,48.8473576858093],[2.387663320816855,48.84666434090592],[2.3876710170843807,48.84657806280504],[2.3876018924864377,48.84654182918257],[2.3875587958846674,48.84654840860487],[2.387173469828539,48.84687799023103],[2.3871130732380443,48.846910337355745],[2.385894316237622,48.848478147435955],[2.3859004633340346,48.84850486913604],[2.386079795589817,48.84866458401407],[2.3851306089109023,48.84996340437673],[2.38519978011648,48.85000978874491],[2.3873977422059514,48.8496716099759]]],""type"":""Polygon""}";48.84848324245488, 2.387440767450371;64957,0098;1178,53872;51;51 %
14;Municipales;2020;1;15/03/20;8;46;12;14;25;1387;577;577;0;8;569;13;2;166;9;111;153;53;4;58;"{""coordinates"":[[[2.3920548153382377,48.846395899764666],[2.392122622307277,48.84633354212147],[2.3921527983803603,48.846272204682286],[2.3892269256388254,48.84507555583866],[2.3883250804084577,48.8458040832896],[2.387735123168474,48.84592510207235],[2.38721273775244,48.846417704890904],[2.3871835298258963,48.84641903652323],[2.3863869174428993,48.84613675728788],[2.3861496807156386,48.84631886599607],[2.387173469828539,48.84687799023103],[2.3875587958846674,48.84654840860487],[2.3876018924864377,48.84654182918257],[2.3876710170843807,48.84657806280504],[2.387663320816855,48.84666434090592],[2.3891027632577924,48.8473576858093],[2.3908420485523503,48.84747647876202],[2.3920548153382377,48.846395899764666]]],""type"":""Polygon""}";48.846398488896924, 2.3895418193485156;58723,42508;1152,103111;58;58 %
15;Municipales;2020;1;15/03/20;8;46;12;15;51;1561;646;646;1;2;643;33;11;253;6;93;136;39;3;69;"{""coordinates"":[[[2.3931394194327096,48.84879478715111],[2.395384061676625,48.848463421260305],[2.394839243160901,48.846332799712236],[2.3944763359413543,48.84634373612165],[2.3944179940629104,48.84634746363832],[2.3937058813322625,48.847150982527594],[2.393669480751944,48.84715034118328],[2.3920548153382377,48.846395899764666],[2.3908420485523503,48.84747647876202],[2.3891027632577924,48.8473576858093],[2.388526607121857,48.84802159179624],[2.3896049766729783,48.84932848453867],[2.3931394194327096,48.84879478715111]]],""type"":""Polygon""}";48.84792727125946, 2.392096835319768;100412,3898;1485,851604;59;59 %
16;Municipales;2020;1;15/03/20;8;46;12;16;32;1371;634;634;3;6;625;20;6;176;5;117;177;50;5;69;"{""coordinates"":[[[2.3974468460147076,48.8482489021166],[2.399130957470874,48.84809056071216],[2.3990481171665268,48.84765182287996],[2.3975422534637936,48.84781911183642],[2.397524791849243,48.84781675753392],[2.397477206956555,48.84768318413866],[2.3967830146644173,48.84738583192011],[2.3982164009736833,48.845361142370045],[2.3981627252722535,48.845321404117264],[2.395100328518742,48.84557567435741],[2.3946147828972904,48.84613625840303],[2.394458519497846,48.84631017012949],[2.3944763359413543,48.84634373612165],[2.394839243160901,48.846332799712236],[2.395384061676625,48.848463421260305],[2.3960135684896193,48.848380729624814],[2.3974468460147076,48.8482489021166]]],""type"":""Polygon""}";48.84688168872111, 2.3964413549023877;63101,34992;1362,760081;54;54 %
17;Municipales;2020;1;15/03/20;8;46;12;17;22;1349;600;600;1;9;590;17;5;165;6;112;175;54;3;53;"{""coordinates"":[[[2.3990481171665268,48.84765182287996],[2.3989859388781682,48.84740559020778],[2.3989998593529753,48.84736902223705],[2.402332964672632,48.84510553685254],[2.4023130989460806,48.84509734160389],[2.402268556540335,48.84499156974381],[2.402202042646666,48.844968311015684],[2.398251362492059,48.84531377646355],[2.3982164009736833,48.845361142370045],[2.3967830146644173,48.84738583192011],[2.397477206956555,48.84768318413866],[2.397524791849243,48.84781675753392],[2.3975422534637936,48.84781911183642],[2.3990481171665268,48.84765182287996]]],""type"":""Polygon""}";48.8462719375934, 2.399180728133766;61352,0793;1138,563049;56;56 %
18;Municipales;2020;1;15/03/20;8;46;12;18;25;1403;681;681;3;9;669;28;4;249;2;91;148;54;3;90;"{""coordinates"":[[[2.3944763359413543,48.84634373612165],[2.394458519497846,48.84631017012949],[2.3946147828972904,48.84613625840303],[2.3934429011351104,48.84559054537249],[2.3933670478406177,48.84567980770693],[2.3903004451880747,48.84421176681656],[2.3902668400968063,48.84421799087813],[2.3899481775051123,48.84448610525994],[2.3892269256388254,48.84507555583866],[2.3921527983803603,48.846272204682286],[2.392122622307277,48.84633354212147],[2.3920548153382377,48.846395899764666],[2.393669480751944,48.84715034118328],[2.3937058813322625,48.847150982527594],[2.3944179940629104,48.84634746363832],[2.3944763359413543,48.84634373612165]]],""type"":""Polygon""}";48.84566225079768, 2.3920040677434153;47085,36194;1069,783062;52;52 %
19;Municipales;2020;1;15/03/20;8;46;12;19;26;1578;632;632;4;6;622;40;9;214;4;110;132;46;4;63;"{""coordinates"":[[[2.3934429011351104,48.84559054537249],[2.394777991747937,48.84361389999451],[2.391956791686845,48.84280253678618],[2.3912570155848702,48.84330761919308],[2.3898383423063714,48.84264552551994],[2.3894590476088515,48.841897272260304],[2.3894666179898474,48.84187632703729],[2.390007950171019,48.84174406951347],[2.3900170918016834,48.84172261693284],[2.389805289780359,48.84134796782174],[2.389785451864279,48.841339780482876],[2.3894580707234114,48.84137711349832],[2.389272431742344,48.84101560337866],[2.3882630212865,48.841246679804584],[2.388231078943331,48.84124418351357],[2.3876406363931824,48.84084275389235],[2.3868760817067174,48.841665581927806],[2.38590588028224,48.84265993348978],[2.3899481775051123,48.84448610525994],[2.3902668400968063,48.84421799087813],[2.3903004451880747,48.84421176681656],[2.3933670478406177,48.84567980770693],[2.3934429011351104,48.84559054537249]]],""type"":""Polygon""}";48.84326641032436, 2.390283700020149;135254,4486;1989,301738;60;60 %
20;Municipales;2020;1;15/03/20;8;46;12;20;22;1352;665;665;4;8;653;26;2;214;4;115;152;70;3;67;"{""coordinates"":[[[2.3903404602695804,48.839073209670765],[2.3919398507262786,48.83919017504769],[2.3931432821461494,48.838541231690336],[2.3936204567599986,48.83802232097473],[2.394253157518762,48.83789616867057],[2.3932841204997186,48.83690091409154],[2.3912613172083828,48.83732970781862],[2.3911365461615754,48.83735645479079],[2.389679663789565,48.83857622150991],[2.389286495047993,48.83898899437953],[2.3901200638772715,48.839335159399795],[2.3903404602695804,48.839073209670765]]],""type"":""Polygon""}";48.83815432958515, 2.391818450070533;52154,37501;977,8355768;51;51 %
21;Municipales;2020;1;15/03/20;8;46;12;21;19;1607;668;668;2;9;657;26;5;222;11;114;149;58;3;69;"{""coordinates"":[[[2.396700914268182,48.83958262698226],[2.396686566308585,48.839195930994755],[2.399414832764225,48.83821054065557],[2.399425739451224,48.838188164434094],[2.399216021059008,48.838076480802016],[2.3991815934847205,48.8380942159772],[2.3988311164834193,48.83797986575628],[2.3977097716760163,48.837321090850914],[2.3963982726268465,48.838523359574644],[2.3961803530114625,48.8388020421686],[2.394253157518762,48.83789616867057],[2.3936204567599986,48.83802232097473],[2.3931432821461494,48.838541231690336],[2.394272689456125,48.83932705790896],[2.3957559813091436,48.83957920031195],[2.396700914268182,48.83958262698226]]],""type"":""Polygon""}";48.83858936915114, 2.396117921592672;50026,21559;1227,250574;58;58 %
22;Municipales;2020;1;15/03/20;8;46;12;22;15;1519;562;562;5;10;547;55;3;190;5;57;134;34;7;62;"{""coordinates"":[[[2.3977097716760163,48.837321090850914],[2.398375236906213,48.83677384176021],[2.398432189334853,48.836709172604614],[2.3971872320582905,48.835702747908634],[2.3949863373967917,48.836323577384874],[2.394705954182079,48.83625596119067],[2.394669453406867,48.83624735663219],[2.3917688531003045,48.83697024646446],[2.3915687237745002,48.836869675415464],[2.391232447568782,48.83728782234737],[2.3912613172083828,48.83732970781862],[2.3932841204997186,48.83690091409154],[2.394253157518762,48.83789616867057],[2.3961803530114625,48.8388020421686],[2.3963982726268465,48.838523359574644],[2.3977097716760163,48.837321090850914]]],""type"":""Polygon""}";48.83710658623859, 2.395663031522969;76134,13529;1395,820266;63;63 %
23;Municipales;2020;1;15/03/20;8;46;12;23;20;1394;539;539;1;8;530;25;6;158;1;99;143;35;4;59;"{""coordinates"":[[[2.4021979731596845,48.83719056656636],[2.4021739494214134,48.83716267239238],[2.402110984809397,48.83682563546269],[2.4004068929436135,48.835028284947064],[2.399674035047871,48.83583355089188],[2.3996709582890072,48.835853585862885],[2.399992655262518,48.836050143353404],[2.4001749751382127,48.83626942769301],[2.3984138647439446,48.83758638987623],[2.3984238574175847,48.83760675762655],[2.399216021059008,48.838076480802016],[2.399425739451224,48.838188164434094],[2.399414832764225,48.83821054065557],[2.4021496568535774,48.837231626502806],[2.4021979731596845,48.83719056656636]]],""type"":""Polygon""}";48.83685667733682, 2.4004125640851806;44840,75941;976,1755063;61;61 %
24;Municipales;2020;1;15/03/20;8;46;12;24;19;1435;609;609;2;11;596;38;4;203;1;98;105;46;5;96;"{""coordinates"":[[[2.399216021059008,48.838076480802016],[2.3984238574175847,48.83760675762655],[2.3984138647439446,48.83758638987623],[2.4001749751382127,48.83626942769301],[2.399992655262518,48.836050143353404],[2.3996709582890072,48.835853585862885],[2.399674035047871,48.83583355089188],[2.4004068929436135,48.835028284947064],[2.4007766367016696,48.83466216473345],[2.39868189726077,48.83519767155624],[2.394716916112791,48.83623483304836],[2.394705954182079,48.83625596119067],[2.3949863373967917,48.836323577384874],[2.3971872320582905,48.835702747908634],[2.398432189334853,48.836709172604614],[2.398375236906213,48.83677384176021],[2.3977097716760163,48.837321090850914],[2.3988311164834193,48.83797986575628],[2.3991815934847205,48.8380942159772],[2.399216021059008,48.838076480802016]]],""type"":""Polygon""}";48.83608737494334, 2.3986814496892146;40228,80311;1542,418023;58;58 %
25;Municipales;2020;1;15/03/20;8;46;12;25;12;1541;621;621;3;16;602;20;2;194;2;91;169;41;6;77;"{""coordinates"":[[[2.402929158647542,48.836217694183546],[2.403030107666832,48.83609017910421],[2.4044400475769816,48.83425478895695],[2.404424070597913,48.83422147428598],[2.4036096507834506,48.83392223121282],[2.4022694581562374,48.83343908362954],[2.4021922541863487,48.83341116730657],[2.4020244993482494,48.833560595589674],[2.4017080339104933,48.83414891643995],[2.4016654011631164,48.83416254440402],[2.4012641672148964,48.83415954098112],[2.4007766367016696,48.83466216473345],[2.4004068929436135,48.835028284947064],[2.402110984809397,48.83682563546269],[2.4021739494214134,48.83716267239238],[2.4021979731596845,48.83719056656636],[2.4022265014875317,48.83711732746498],[2.402929158647542,48.836217694183546]]],""type"":""Polygon""}";48.835028057813666, 2.402378213699516;59922,74912;1072,056941;60;60 %
26;Municipales;2020;1;15/03/20;8;46;12;26;24;1370;616;617;2;12;603;18;3;157;5;118;170;42;7;83;"{""coordinates"":[[[2.4007766367016696,48.83466216473345],[2.4012641672148964,48.83415954098112],[2.4016654011631164,48.83416254440402],[2.4017080339104933,48.83414891643995],[2.4020244993482494,48.833560595589674],[2.400325173060084,48.8334559995141],[2.3990201513601925,48.833221902650045],[2.3977766836149974,48.83415072932975],[2.3976410380140276,48.83425910239921],[2.3976467823938985,48.8342919302734],[2.39868189726077,48.83519767155624],[2.4007766367016696,48.83466216473345]]],""type"":""Polygon""}";48.83414186144502, 2.3996700469230405;40864,40489;841,4568458;55;55 %
27;Municipales;2020;1;15/03/20;8;46;12;27;15;1386;679;679;4;9;666;54;7;211;9;91;145;46;8;95;"{""coordinates"":[[[2.394669453406867,48.83624735663219],[2.394705954182079,48.83625596119067],[2.394716916112791,48.83623483304836],[2.39868189726077,48.83519767155624],[2.3976467823938985,48.8342919302734],[2.3976410380140276,48.83425910239921],[2.3977766836149974,48.83415072932975],[2.3975001278790917,48.8339676602807],[2.3967199316041343,48.83400946848102],[2.3967623205120634,48.834617046029486],[2.3961737691052427,48.83487093397883],[2.393037615663923,48.83644600204285],[2.392169668684896,48.83607840627257],[2.3915687237745002,48.836869675415464],[2.3917688531003045,48.83697024646446],[2.394669453406867,48.83624735663219]]],""type"":""Polygon""}";48.835475464568844, 2.3957375654726363;42727,48724;1378,704644;51;51 %
28;Municipales;2020;1;15/03/20;8;46;12;28;12;1401;571;571;2;10;559;35;7;157;3;87;151;30;8;81;"{""coordinates"":[[[2.3967199316041343,48.83400946848102],[2.3966765116151545,48.83346116528249],[2.3965435238086013,48.833384863114276],[2.395741423890914,48.83402204510804],[2.3957056187476895,48.834029000680104],[2.3948922633322764,48.83360044375821],[2.394184367980504,48.834059871794224],[2.3938914680188605,48.83431099177763],[2.392763954635167,48.835300277329154],[2.392169668684896,48.83607840627257],[2.393037615663923,48.83644600204285],[2.3961737691052427,48.83487093397883],[2.3967623205120634,48.834617046029486],[2.3967199316041343,48.83400946848102]]],""type"":""Polygon""}";48.83490602103089, 2.394560289180212;50757,95445;1072,087281;59;59 %
29;Municipales;2020;1;15/03/20;8;46;12;29;9;1372;536;536;4;10;522;13;1;126;8;104;159;41;6;64;"{""coordinates"":[[[2.3990201513601925,48.833221902650045],[2.400325173060084,48.8334559995141],[2.4020244993482494,48.833560595589674],[2.4021922541863487,48.83341116730657],[2.4022694581562374,48.83343908362954],[2.4022637604062393,48.83339125118745],[2.403087901756475,48.83281158164059],[2.4034837597163876,48.832574065358884],[2.403724764318183,48.83246752216209],[2.404177915903683,48.83235455637084],[2.4055777138756813,48.832250989367616],[2.4060955334209675,48.83219259375262],[2.407110612969917,48.83195211649427],[2.407052575978457,48.83186622711042],[2.402412746084775,48.82966111696921],[2.401464291547587,48.82938697095344],[2.4014006625760453,48.82942754409326],[2.3948922633322764,48.83360044375821],[2.3957056187476895,48.834029000680104],[2.395741423890914,48.83402204510804],[2.3965435238086013,48.833384863114276],[2.3966765116151545,48.83346116528249],[2.3967199316041343,48.83400946848102],[2.3975001278790917,48.8339676602807],[2.3977766836149974,48.83415072932975],[2.3990201513601925,48.833221902650045]]],""type"":""Polygon""}";48.83191258881068, 2.400979197322339;208814,274;2310,600829;61;61 %
30;Municipales;2020;1;15/03/20;8;45;12;30;21;1385;644;644;6;8;630;22;2;203;5;112;178;43;1;64;"{""coordinates"":[[[2.403465589257076,48.847705387756434],[2.4031584246021027,48.84575267010195],[2.4025977043292754,48.84511472760332],[2.402332964672632,48.84510553685254],[2.3989998593529753,48.84736902223705],[2.3989859388781682,48.84740559020778],[2.3990481171665268,48.84765182287996],[2.399130957470874,48.84809056071216],[2.403465589257076,48.847705387756434]]],""type"":""Polygon""}";48.846862823878155, 2.401519798329652;65249,76876;1072,815414;54;54 %
31;Municipales;2020;1;15/03/20;8;45;12;31;30;1444;681;681;3;10;668;30;6;214;2;113;169;51;3;80;"{""coordinates"":[[[2.4063341560540574,48.847401156368605],[2.405792134344443,48.844922582265326],[2.405727037581697,48.8446802755213],[2.4057187434606977,48.84469030440962],[2.4022902032579347,48.844922173859324],[2.4022463773746607,48.84494521853502],[2.402268556540335,48.84499156974381],[2.4023130989460806,48.84509734160389],[2.402332964672632,48.84510553685254],[2.4025977043292754,48.84511472760332],[2.4031584246021027,48.84575267010195],[2.403465589257076,48.847705387756434],[2.4063291936034976,48.84744657249147],[2.4063341560540574,48.847401156368605]]],""type"":""Polygon""}";48.846153798628805, 2.404570631356974;67309,28891;1120,41018;53;53 %
32;Municipales;2020;1;15/03/20;8;45;12;32;21;1504;666;666;1;10;655;23;6;208;1;100;162;59;5;91;"{""coordinates"":[[[2.4079713843734893,48.84730292787412],[2.40868367115454,48.84724407577504],[2.4085769643416897,48.84675965906578],[2.408607283272519,48.84674300271104],[2.409410850700749,48.8466794522704],[2.4094261149803184,48.846658073529106],[2.4091261083646236,48.84545922297975],[2.408754767996667,48.84532433416945],[2.408742000194359,48.845313281847794],[2.4087645086173874,48.84522939780086],[2.408411727117623,48.84508933747322],[2.4078935666915746,48.84475891847207],[2.405792134344443,48.844922582265326],[2.4063341560540574,48.847401156368605],[2.4064049160563328,48.847435136999984],[2.4079713843734893,48.84730292787412]]],""type"":""Polygon""}";48.846068981381244, 2.4075092172215777;58983,23284;988,4239576;56;56 %
33;Municipales;2020;1;15/03/20;8;45;12;33;14;1504;637;637;8;3;626;31;3;182;8;106;158;60;6;72;"{""coordinates"":[[[2.405727037581697,48.8446802755213],[2.4051650813549235,48.84425239569949],[2.404776039766066,48.84298344122024],[2.40235746494647,48.84334846562422],[2.402323214783398,48.84333947091911],[2.402266463339223,48.84231727408952],[2.402329215394744,48.84108170238349],[2.400944740481975,48.84120515736264],[2.4008793877339256,48.841274325357304],[2.401270790486256,48.84233882782806],[2.402220399104743,48.84488842749739],[2.4022902032579347,48.844922173859324],[2.4057187434606977,48.84469030440962],[2.405727037581697,48.8446802755213]]],""type"":""Polygon""}";48.84343209561753, 2.403009645833904;61951,18829;1428,823183;58;58 %
34;Municipales;2020;1;15/03/20;8;45;12;34;26;1562;756;756;7;5;744;35;2;189;7;154;192;72;2;91;"{""coordinates"":[[[2.404776039766066,48.84298344122024],[2.405270883711581,48.84292396537504],[2.4053734646309937,48.84321368434156],[2.4054292428222626,48.84321429343934],[2.4076828775165793,48.84148937980347],[2.4077429491236018,48.84150552751997],[2.4077202092656558,48.84143711855564],[2.407688114978074,48.84141865140904],[2.405897846847387,48.84132319066831],[2.4048406624836294,48.84133394873302],[2.404663883882548,48.84088858790353],[2.402329215394744,48.84108170238349],[2.402266463339223,48.84231727408952],[2.402323214783398,48.84333947091911],[2.40235746494647,48.84334846562422],[2.404776039766066,48.84298344122024]]],""type"":""Polygon""}";48.84206595536707, 2.404404792394824;71300,47834;1212,343794;52;52 %
35;Municipales;2020;1;15/03/20;8;45;12;35;18;1471;734;734;5;13;716;28;3;170;8;156;218;54;4;75;"{""coordinates"":[[[2.4078935666915746,48.84475891847207],[2.4078986834852,48.844550934482236],[2.407922607873456,48.84453440850867],[2.408952716557036,48.84444176108966],[2.4088239567679652,48.84387637328095],[2.408854443956337,48.84384496821563],[2.408799773426657,48.843844308633784],[2.4077429491236018,48.84150552751997],[2.4076828775165793,48.84148937980347],[2.4054292428222626,48.84321429343934],[2.4053734646309937,48.84321368434156],[2.405270883711581,48.84292396537504],[2.404776039766066,48.84298344122024],[2.4051650813549235,48.84425239569949],[2.405727037581697,48.8446802755213],[2.405792134344443,48.844922582265326],[2.4078935666915746,48.84475891847207]]],""type"":""Polygon""}";48.84351897940444, 2.406965914336385;68202,54107;1166,787091;50;50 %
36;Municipales;2020;1;15/03/20;8;45;12;36;14;1384;568;568;5;16;547;29;5;163;10;76;164;46;10;44;"{""coordinates"":[[[2.4111271383636064,48.84702384974728],[2.4111792185806906,48.8469794477727],[2.4107343331834823,48.84548994296883],[2.410755787984119,48.84545955961096],[2.41237991529721,48.845235057510706],[2.4124051735448577,48.845217358153526],[2.411705758569759,48.84416714484526],[2.408952716557036,48.84444176108966],[2.407922607873456,48.84453440850867],[2.4078986834852,48.844550934482236],[2.4078935666915746,48.84475891847207],[2.408411727117623,48.84508933747322],[2.4087645086173874,48.84522939780086],[2.408742000194359,48.845313281847794],[2.408754767996667,48.84532433416945],[2.4091261083646236,48.84545922297975],[2.4094261149803184,48.846658073529106],[2.409410850700749,48.8466794522704],[2.408607283272519,48.84674300271104],[2.4085769643416897,48.84675965906578],[2.40868367115454,48.84724407577504],[2.4111271383636064,48.84702384974728]]],""type"":""Polygon""}";48.845511585145445, 2.410134955966232;59222,36112;1297,797611;59;59 %
37;Municipales;2020;1;15/03/20;8;45;12;37;11;1340;550;550;6;7;537;36;9;167;6;103;127;37;3;49;"{""coordinates"":[[[2.411705758569759,48.84416714484526],[2.411313810436487,48.84219622450546],[2.411280602186437,48.84218864857865],[2.41081889225071,48.8422725537295],[2.4107988693539837,48.842257630103326],[2.4107150446023318,48.841991494803175],[2.410817254790107,48.84167674543598],[2.410718049477927,48.84140710139142],[2.4102219843210593,48.84105292664492],[2.409158235578302,48.840860059471886],[2.409840642730555,48.842827594292984],[2.408854443956337,48.84384496821563],[2.4088239567679652,48.84387637328095],[2.408952716557036,48.84444176108966],[2.411705758569759,48.84416714484526]]],""type"":""Polygon""}";48.8429344617577, 2.4102835279749386;49534,9821;1123,249098;59;59 %
38;Municipales;2020;1;15/03/20;8;45;12;38;23;1550;665;665;4;7;654;27;6;197;7;99;146;92;6;74;"{""coordinates"":[[[2.409158235578302,48.840860059471886],[2.4089907821057075,48.84032770749968],[2.408025661289564,48.84036927932295],[2.40682159984981,48.84014447903079],[2.405610801809102,48.840072111407785],[2.404389309404638,48.84005870234926],[2.404663883882548,48.84088858790353],[2.4048406624836294,48.84133394873302],[2.405897846847387,48.84132319066831],[2.407688114978074,48.84141865140904],[2.4077202092656558,48.84143711855564],[2.4077429491236018,48.84150552751997],[2.408799773426657,48.843844308633784],[2.408854443956337,48.84384496821563],[2.409840642730555,48.842827594292984],[2.409158235578302,48.840860059471886]]],""type"":""Polygon""}";48.841356835532565, 2.4075400240697675;68370,6624;1402,295441;57;57 %
39;Municipales;2020;1;15/03/20;8;45;12;39;19;1220;524;524;3;6;515;30;1;137;4;80;140;55;3;65;"{""coordinates"":[[[2.4089907821057075,48.84032770749968],[2.408592871584455,48.83899627488219],[2.4059392518376432,48.83826445464067],[2.4059019834866677,48.83828035642175],[2.4059554961995775,48.838351488245316],[2.4059208487105606,48.838363841576985],[2.4051833330803487,48.8381400919811],[2.4051507257294613,48.83814212517305],[2.4044056644759766,48.8391766427325],[2.4043759240746714,48.8391875307036],[2.4041489026466927,48.83916322266216],[2.403917218513964,48.83914265567713],[2.4040725263856766,48.84002768679196],[2.404091077912202,48.840046647779836],[2.404389309404638,48.84005870234926],[2.405610801809102,48.840072111407785],[2.40682159984981,48.84014447903079],[2.408025661289564,48.84036927932295],[2.4089907821057075,48.84032770749968]]],""type"":""Polygon""}";48.839381601449965, 2.406452866325055;60110,11237;1068,086434;57;57 %
40;Municipales;2020;1;15/03/20;8;45;12;40;13;1271;584;584;4;3;577;39;4;195;5;89;118;51;4;72;"{""coordinates"":[[[2.400944740481975,48.84120515736264],[2.402329215394744,48.84108170238349],[2.404663883882548,48.84088858790353],[2.404389309404638,48.84005870234926],[2.404091077912202,48.840046647779836],[2.4040725263856766,48.84002768679196],[2.403917218513964,48.83914265567713],[2.4025708997716175,48.83910927767611],[2.402542788408233,48.83912136498284],[2.40254815275941,48.83925018382626],[2.4006962336706565,48.83923558226284],[2.400667692339706,48.839187027570986],[2.4003217365448997,48.83951425112201],[2.4003222801927304,48.83953272311723],[2.4002436455975222,48.83958060386448],[2.4003045320388052,48.839627856641755],[2.400581433234603,48.84044115630784],[2.4008416210306947,48.841162344054666],[2.400944740481975,48.84120515736264]]],""type"":""Polygon""}";48.84014484398522, 2.4023802035847965;57114,56217;995,8377098;54;54 %
41;Municipales;2020;1;15/03/20;8;45;12;41;17;1286;587;587;6;3;578;21;2;192;8;124;125;33;2;71;"{""coordinates"":[[[2.402542788408233,48.83912136498284],[2.4025708997716175,48.83910927767611],[2.403917218513964,48.83914265567713],[2.4041489026466927,48.83916322266216],[2.4041699147450784,48.83914164014412],[2.4035685250427763,48.836705963411426],[2.402929158647542,48.836217694183546],[2.4022265014875317,48.83711732746498],[2.4021979731596845,48.83719056656636],[2.4022666784572735,48.837349175190596],[2.401280946947284,48.83859666958016],[2.400667692339706,48.839187027570986],[2.4006962336706565,48.83923558226284],[2.40254815275941,48.83925018382626],[2.402542788408233,48.83912136498284]]],""type"":""Polygon""}";48.838110414875224, 2.4027264318504105;45605,19467;998,927611;54;54 %
42;Municipales;2020;1;15/03/20;8;45;12;42;22;1363;591;591;4;4;583;36;7;197;2;88;132;49;5;67;"{""coordinates"":[[[2.4083571822704974,48.838179433312554],[2.408109347563857,48.83742821812483],[2.40769362632956,48.83732581402627],[2.407673686076138,48.83731177607771],[2.4076775258498335,48.83719735759568],[2.4067476532313226,48.83694815526164],[2.4056315671520196,48.83593375726637],[2.4054760489697045,48.83515729065411],[2.4054888146214743,48.83513934614561],[2.405761888181224,48.83497620498794],[2.4063820832260574,48.834995789706156],[2.406070353624267,48.83446061087915],[2.4060708858076993,48.83444092553978],[2.4063885180714504,48.83414840212544],[2.4062743651725738,48.83406802233385],[2.406238751078266,48.83407244219487],[2.4058115261767576,48.834368906882084],[2.4050668149887398,48.83428405086719],[2.403868600562124,48.833640567513086],[2.4036096507834506,48.83392223121282],[2.404424070597913,48.83422147428598],[2.4044400475769816,48.83425478895695],[2.403030107666832,48.83609017910421],[2.4041100055132505,48.83605481459232],[2.405883842542784,48.83824915831799],[2.4059392518376432,48.83826445464067],[2.408592871584455,48.83899627488219],[2.4083571822704974,48.838179433312554]]],""type"":""Polygon""}";48.836497010618515, 2.4057629268835052;81530,68281;1844,77795;57;57 %
43;Municipales;2020;1;15/03/20;8;45;12;43;9;1165;454;454;2;9;443;33;10;106;7;70;122;24;7;64;"{""coordinates"":[[[2.411155269544603,48.833871994925815],[2.4110792324431816,48.83378783308592],[2.4071765992319683,48.831935929418506],[2.407110612969917,48.83195211649427],[2.4060955334209675,48.83219259375262],[2.4055777138756813,48.832250989367616],[2.404177915903683,48.83235455637084],[2.403724764318183,48.83246752216209],[2.4034837597163876,48.832574065358884],[2.403087901756475,48.83281158164059],[2.4022637604062393,48.83339125118745],[2.4022694581562374,48.83343908362954],[2.4036096507834506,48.83392223121282],[2.403868600562124,48.833640567513086],[2.4050668149887398,48.83428405086719],[2.4058115261767576,48.834368906882084],[2.406238751078266,48.83407244219487],[2.4062743651725738,48.83406802233385],[2.4063885180714504,48.83414840212544],[2.4060708858076993,48.83444092553978],[2.406070353624267,48.83446061087915],[2.4063820832260574,48.834995789706156],[2.4066918414369596,48.83547886833005],[2.406723961586297,48.83548238227631],[2.411155269544603,48.833871994925815]]],""type"":""Polygon""}";48.833520375395885, 2.40677192766855;127021,7213;1695,839294;61;61 %
44;Municipales;2020;1;15/03/20;8;45;12;44;22;1518;630;630;2;5;623;37;11;179;7;105;167;47;4;66;"{""coordinates"":[[[2.4135482014366527,48.8381969242143],[2.4135704606904342,48.838181936676236],[2.4122305646810402,48.8345660455475],[2.4112769666476632,48.833934938821436],[2.4111895903385676,48.8338594837503],[2.411155269544603,48.833871994925815],[2.406723961586297,48.83548238227631],[2.4066918414369596,48.83547886833005],[2.4063820832260574,48.834995789706156],[2.405761888181224,48.83497620498794],[2.4054888146214743,48.83513934614561],[2.4054760489697045,48.83515729065411],[2.4056315671520196,48.83593375726637],[2.4067476532313226,48.83694815526164],[2.4076775258498335,48.83719735759568],[2.407673686076138,48.83731177607771],[2.40769362632956,48.83732581402627],[2.408109347563857,48.83742821812483],[2.4083571822704974,48.838179433312554],[2.4104721366719946,48.837877513843324],[2.412754592198923,48.83828984242311],[2.4135482014366527,48.8381969242143]]],""type"":""Polygon""}";48.836250052405504, 2.409901212614237;177690,74;1860,40878;59;59 %
45;Municipales;2020;1;15/03/20;8;45;12;45;7;1279;443;443;9;6;428;32;6;132;5;54;135;32;5;27;"{""coordinates"":[[[2.415952392065,48.8466100508783],[2.4156574567204783,48.8451329602244],[2.413603612443888,48.83828504270297],[2.4135749828944304,48.83819414428268],[2.4135482014366527,48.8381969242143],[2.412754592198923,48.83828984242311],[2.4104721366719946,48.837877513843324],[2.4083571822704974,48.838179433312554],[2.408592871584455,48.83899627488219],[2.4089907821057075,48.84032770749968],[2.409158235578302,48.840860059471886],[2.4102219843210593,48.84105292664492],[2.410718049477927,48.84140710139142],[2.410817254790107,48.84167674543598],[2.4107150446023318,48.841991494803175],[2.4107988693539837,48.842257630103326],[2.41081889225071,48.8422725537295],[2.411280602186437,48.84218864857865],[2.411313810436487,48.84219622450546],[2.411705758569759,48.84416714484526],[2.4124051735448577,48.845217358153526],[2.41237991529721,48.845235057510706],[2.410755787984119,48.84545955961096],[2.4107343331834823,48.84548994296883],[2.4111792185806906,48.8469794477727],[2.4111271383636064,48.84702384974728],[2.415952392065,48.8466100508783]]],""type"":""Polygon""}";48.842256521648196, 2.4124869975263468;312099,6398;2930,058722;65;65 %
46;Municipales;2020;1;15/03/20;8;47;12;46;21;1523;586;586;6;13;567;14;1;188;7;83;142;33;7;92;"{""coordinates"":[[[2.3887893769366433,48.834068429649115],[2.3938677333537997,48.83426283279794],[2.3938914680188605,48.83431099177763],[2.394184367980504,48.834059871794224],[2.3948922633322764,48.83360044375821],[2.4014006625760453,48.82942754409326],[2.40138870745837,48.82936149397847],[2.3957141128816737,48.82776090487315],[2.3943570818609756,48.82755257765765],[2.390259942496674,48.82577042071035],[2.3902218046987156,48.8257642310348],[2.390142221657617,48.82578424456978],[2.3900968415836266,48.825816818651305],[2.386939941917388,48.82805565211605],[2.384547804040174,48.83008778566162],[2.384470255745605,48.83013939261962],[2.3843633216828715,48.83014746537671],[2.3843137798761966,48.8301256686486],[2.384331113693116,48.83024233595878],[2.3809714729684126,48.83289141908378],[2.3845830788166187,48.83486865856357],[2.3845900307954935,48.83492290540077],[2.3846390857442556,48.83488686118358],[2.3865607274082055,48.83590463351013],[2.387664709717261,48.83495000224145],[2.3887893769366433,48.834068429649115]]],""type"":""Polygon""}";48.830887086327095, 2.390684191764656;841453,8006;3932,369963;62;62 %
47;Municipales;2020;1;15/03/20;8;47;12;47;13;1443;503;503;4;10;489;22;6;152;5;91;107;42;2;62;"{""coordinates"":[[[2.386827388916398,48.83918227194827],[2.383715103364018,48.837115222571136],[2.3835868398867346,48.8371426461002],[2.382510704468717,48.836470276285056],[2.382514141698578,48.83644762914055],[2.3845900307954935,48.83492290540077],[2.3845830788166187,48.83486865856357],[2.3809714729684126,48.83289141908378],[2.377082373459227,48.83602320751352],[2.3767754896007323,48.83630808469427],[2.376644961171444,48.83632174490653],[2.376717056856612,48.836363987857645],[2.3766036682203295,48.83647462325216],[2.374869749315508,48.83805522801627],[2.3747726574957935,48.838060228272795],[2.3747859802757274,48.838130242348946],[2.373081830527344,48.83967411553021],[2.3724208365973056,48.84015878857219],[2.376316212590962,48.84214304136184],[2.377428685640275,48.84266190860579],[2.3786017941638296,48.84318301194933],[2.379871838095178,48.84366192416191],[2.3798506785135087,48.8435982504711],[2.386827388916398,48.83918227194827]]],""type"":""Polygon""}";48.838680251426894, 2.3798216538797576;632332,0232;3450,298625;65;65 %
48;Municipales;2020;1;15/03/20;8;47;12;48;21;1550;552;552;2;13;537;49;9;194;4;77;92;35;3;74;"{""coordinates"":[[[2.3912613172083828,48.83732970781862],[2.391232447568782,48.83728782234737],[2.3915687237745002,48.836869675415464],[2.392169668684896,48.83607840627257],[2.392763954635167,48.835300277329154],[2.3938914680188605,48.83431099177763],[2.3938677333537997,48.83426283279794],[2.3887893769366433,48.834068429649115],[2.387664709717261,48.83495000224145],[2.3865607274082055,48.83590463351013],[2.388234831171689,48.83676555301861],[2.3882632175123466,48.83803154587354],[2.389679663789565,48.83857622150991],[2.3911365461615754,48.83735645479079],[2.3912613172083828,48.83732970781862]]],""type"":""Polygon""}";48.83588808179378, 2.389998295208976;143974,8919;1630,69438;64;64 %
49;Municipales;2020;1;15/03/20;8;47;12;49;29;1594;717;718;6;10;702;41;6;253;6;119;132;47;1;97;"{""coordinates"":[[[2.385532886136203,48.8430371206084],[2.38590588028224,48.84265993348978],[2.3868760817067174,48.841665581927806],[2.3876406363931824,48.84084275389235],[2.389286495047993,48.83898899437953],[2.389679663789565,48.83857622150991],[2.3882632175123466,48.83803154587354],[2.386827388916398,48.83918227194827],[2.387522033023364,48.83950710612258],[2.387534769830576,48.839530266046644],[2.387050689265652,48.84001451205127],[2.3870475551796946,48.840035975440024],[2.3871311267259547,48.8400931911109],[2.385055125897624,48.8421494432168],[2.3850497430580497,48.842166599614714],[2.3857102297277573,48.84254539295575],[2.3857111054819504,48.842572591384744],[2.3851834722746013,48.84318854646768],[2.385188471948071,48.84321011360908],[2.3852864648820216,48.843272452606556],[2.385532886136203,48.8430371206084]]],""type"":""Polygon""}";48.840207000109885, 2.3873906276084162;51982,45387;1475,9696;55;55 %
50;Municipales;2020;1;15/03/20;8;47;12;50;24;1626;621;621;4;10;607;28;7;229;7;77;116;53;3;87;"{""coordinates"":[[[2.3832386495484035,48.84488492262988],[2.3834134625708856,48.844830931430145],[2.384818688562793,48.8436455852114],[2.3852864648820216,48.843272452606556],[2.385188471948071,48.84321011360908],[2.3851834722746013,48.84318854646768],[2.3857111054819504,48.842572591384744],[2.3857102297277573,48.84254539295575],[2.3850497430580497,48.842166599614714],[2.385055125897624,48.8421494432168],[2.3871311267259547,48.8400931911109],[2.3870475551796946,48.840035975440024],[2.387050689265652,48.84001451205127],[2.387534769830576,48.839530266046644],[2.387522033023364,48.83950710612258],[2.386827388916398,48.83918227194827],[2.3798506785135087,48.8435982504711],[2.379871838095178,48.84366192416191],[2.379970333113299,48.84369912494023],[2.382968620234902,48.84482060034654],[2.3831796252918913,48.84484194738978],[2.3832053414429604,48.84489461146741],[2.3832386495484035,48.84488492262988]]],""type"":""Polygon""}";48.84243336490792, 2.3837630637149956;126945,0676;1813,825043;62;62 %
51;Municipales;2020;1;15/03/20;7;48;12;51;17;1505;609;609;3;10;596;25;6;223;6;103;118;51;3;61;"{""coordinates"":[[[2.3697296999997577,48.8466998891303],[2.369718464748323,48.846675893539256],[2.3697802995244297,48.84662781405912],[2.371239731646291,48.845562550066305],[2.374063042525075,48.8458924370016],[2.3742506857043777,48.84592060529013],[2.3744048703226204,48.84592518444823],[2.375339738230914,48.8453415745034],[2.3753876011160338,48.84536018839815],[2.3753991334086932,48.84532798593308],[2.3779173104252287,48.844389188860504],[2.378171085362172,48.844602629119564],[2.3781975203590355,48.8446062596287],[2.379970333113299,48.84369912494023],[2.379871838095178,48.84366192416191],[2.3786017941638296,48.84318301194933],[2.377428685640275,48.84266190860579],[2.376316212590962,48.84214304136184],[2.3724208365973056,48.84015878857219],[2.368066834806485,48.843383705582006],[2.366086583939097,48.84489078175099],[2.365951721355118,48.84489299628094],[2.3659702238721882,48.84498141232589],[2.364447041542637,48.84613485854601],[2.3665135829711503,48.84737856953162],[2.3668772400110107,48.848203156098066],[2.367822637530846,48.847899627345186],[2.3680044921631347,48.84703143593117],[2.368023183085699,48.84701510790113],[2.369526129797668,48.846808773771784],[2.3697296999997577,48.8466998891303]]],""type"":""Polygon""}";48.844073402676116, 2.371779264093582;418597,166;3098,778078;60;60 %
52;Municipales;2020;1;15/03/20;7;48;12;52;26;1264;599;599;5;12;582;25;2;204;1;113;109;36;2;90;"{""coordinates"":[[[2.3751665671910094,48.847392954153946],[2.374914642878044,48.847058742214735],[2.374184466158836,48.84694961209344],[2.374169916254016,48.84693320995693],[2.374063042525075,48.8458924370016],[2.371239731646291,48.845562550066305],[2.3697802995244297,48.84662781405912],[2.369718464748323,48.846675893539256],[2.3697296999997577,48.8466998891303],[2.369999896380654,48.84662994014024],[2.371574211602514,48.84758839157369],[2.3720051869423773,48.84668189117721],[2.3738751524766886,48.848040005913134],[2.3751665671910094,48.847392954153946]]],""type"":""Polygon""}";48.84665894354396, 2.37255095584994;54467,27934;1201,644374;53;53 %
53;Municipales;2020;1;15/03/20;7;48;12;53;42;1623;848;848;4;12;832;30;4;307;7;178;142;63;6;95;"{""coordinates"":[[[2.3725747092707223,48.84867807996619],[2.3738751524766886,48.848040005913134],[2.3720051869423773,48.84668189117721],[2.371574211602514,48.84758839157369],[2.369999896380654,48.84662994014024],[2.3697296999997577,48.8466998891303],[2.369526129797668,48.846808773771784],[2.368023183085699,48.84701510790113],[2.3680044921631347,48.84703143593117],[2.367822637530846,48.847899627345186],[2.3668772400110107,48.848203156098066],[2.3671831690615788,48.84888448563534],[2.36812319142494,48.84879630760231],[2.3705017449211963,48.84897562783476],[2.3711611522376232,48.849364410795424],[2.3725747092707223,48.84867807996619]]],""type"":""Polygon""}";48.84799304314261, 2.370312920398212;90024,96544;1433,914887;48;48 %
54;Municipales;2020;1;15/03/20;7;48;12;54;21;1450;520;520;8;13;499;20;10;170;13;94;108;27;9;48;"{""coordinates"":[[[2.3722705080941195,48.85230956254639],[2.3719231948929,48.851674319258784],[2.3731641311303617,48.850609890000996],[2.373167489170099,48.85058755774514],[2.3711611522376232,48.849364410795424],[2.3705017449211963,48.84897562783476],[2.36812319142494,48.84879630760231],[2.3671831690615788,48.84888448563534],[2.368108496953329,48.85090395335097],[2.369068685042847,48.85298142115993],[2.3690083679397724,48.853023351976596],[2.3691124568339057,48.853128965896204],[2.3691098298432642,48.85318823915355],[2.369176938044116,48.85315981999099],[2.370002068099302,48.85322570727074],[2.3702226121011174,48.85324558468845],[2.370267155474131,48.85328694740195],[2.3703138040388145,48.85325504465834],[2.3703486675472596,48.85325566610918],[2.37129276961722,48.8526804601039],[2.371844283715622,48.85243647813846],[2.3722705080941195,48.85230956254639]]],""type"":""Polygon""}";48.85084218159739, 2.3700592636182596;131846,1328;1514,37225;64;64 %
55;Municipales;2020;1;15/03/20;7;48;12;55;31;1482;698;698;3;10;685;33;0;289;6;101;116;47;3;90;"{""coordinates"":[[[2.3771256676138277,48.850983302743224],[2.3765457130292633,48.85009212078802],[2.376434660903316,48.84901520881501],[2.3760094169438015,48.84833773233957],[2.375550254133762,48.84767801001574],[2.3751665671910094,48.847392954153946],[2.3738751524766886,48.848040005913134],[2.3725747092707223,48.84867807996619],[2.374195516140734,48.84957499226372],[2.375436808061203,48.850667369551495],[2.375481560045266,48.85066692413706],[2.376265939874303,48.85025154538457],[2.3763106965686513,48.85025283903714],[2.3767724599747115,48.850900183498304],[2.3770844932811226,48.8510020521543],[2.3771256676138277,48.850983302743224]]],""type"":""Polygon""}";48.849046503046736, 2.3750239051385704;56986,69686;1166,6339;53;53 %
56;Municipales;2020;1;15/03/20;7;48;12;56;24;1480;707;707;2;5;700;36;1;285;2;114;109;58;10;85;"{""coordinates"":[[[2.3783781734801503,48.850732666243175],[2.3788399010419132,48.850618290363016],[2.379398342871838,48.850542877942864],[2.379054960179733,48.85012250292694],[2.3790772250557555,48.85005192655517],[2.379128439456105,48.849987362394174],[2.3784192778285345,48.84911158525034],[2.3785250054890166,48.8484308891934],[2.3771018506401456,48.84772887350126],[2.3760094169438015,48.84833773233957],[2.376434660903316,48.84901520881501],[2.3765457130292633,48.85009212078802],[2.3771256676138277,48.850983302743224],[2.3771612600449816,48.851024633445796],[2.3783781734801503,48.850732666243175]]],""type"":""Polygon""}";48.84943365230929, 2.377581428123602;52222,64425;978,7747474;52;52 %
57;Municipales;2020;1;15/03/20;7;48;12;57;26;1516;665;665;2;9;654;41;6;273;9;93;86;58;2;86;"{""coordinates"":[[[2.38428600213005,48.85012680293289],[2.384340234513652,48.85013198618082],[2.3833972102482894,48.84492770490258],[2.3834646961586143,48.844894702726435],[2.3834242834448567,48.84487559264942],[2.3834134625708856,48.844830931430145],[2.3832386495484035,48.84488492262988],[2.3832722165053144,48.84491956806047],[2.381697145399502,48.84674336023777],[2.3812323259620825,48.84698166983984],[2.3805530465129685,48.847824559336125],[2.380530144599112,48.84785302407984],[2.3806556378331143,48.84805084580008],[2.3806536732082204,48.8480747764725],[2.379128439456105,48.849987362394174],[2.3790772250557555,48.85005192655517],[2.379054960179733,48.85012250292694],[2.379398342871838,48.850542877942864],[2.3801288075048856,48.85044366610723],[2.3814543090236593,48.85038315358349],[2.3831479741805213,48.85025907910878],[2.3837204560784624,48.85021359724921],[2.38428600213005,48.85012680293289]]],""type"":""Polygon""}";48.84845195247966, 2.3821249930292048;129257,1841;1705,027039;56;56 %
58;Municipales;2020;1;15/03/20;7;48;12;58;14;1444;717;717;1;11;705;40;9;308;9;99;109;54;1;76;"{""coordinates"":[[[2.3805530465129685,48.847824559336125],[2.380506107947397,48.84781554038745],[2.3796875392274317,48.84654506031492],[2.3789595066210123,48.84646494320062],[2.377729039868201,48.84732200476646],[2.3771018506401456,48.84772887350126],[2.3785250054890166,48.8484308891934],[2.3784192778285345,48.84911158525034],[2.379128439456105,48.849987362394174],[2.3806536732082204,48.8480747764725],[2.3806556378331143,48.84805084580008],[2.380530144599112,48.84785302407984],[2.3805530465129685,48.847824559336125]]],""type"":""Polygon""}";48.84798482230393, 2.379103278942916;50046,50224;994,4002787;50;50 %
59;Municipales;2020;1;15/03/20;7;48;12;59;11;1245;609;609;6;5;598;38;2;223;6;98;116;38;5;72;"{""coordinates"":[[[2.3771018506401456,48.84772887350126],[2.377729039868201,48.84732200476646],[2.3767510213763807,48.84665467529102],[2.3780618163716425,48.8460001831675],[2.3776420008526107,48.84549338212925],[2.376936918317244,48.845329898914656],[2.3761024287775556,48.84574405087099],[2.3760643279251905,48.845742909643256],[2.3753876011160338,48.84536018839815],[2.375339738230914,48.8453415745034],[2.3744048703226204,48.84592518444823],[2.3742506857043777,48.84592060529013],[2.374063042525075,48.8458924370016],[2.374169916254016,48.84693320995693],[2.374184466158836,48.84694961209344],[2.374914642878044,48.847058742214735],[2.3751665671910094,48.847392954153946],[2.375550254133762,48.84767801001574],[2.3760094169438015,48.84833773233957],[2.3771018506401456,48.84772887350126]]],""type"":""Polygon""}";48.8466074803701, 2.3760255765841545;56106,4103;1118,872293;51;51 %
60;Municipales;2020;1;15/03/20;7;48;12;60;20;1389;579;579;4;3;572;43;6;218;8;87;93;39;1;77;"{""coordinates"":[[[2.3832722165053144,48.84491956806047],[2.3832386495484035,48.84488492262988],[2.3832053414429604,48.84489461146741],[2.3813464821928307,48.84543712995839],[2.3810362348370893,48.84531940196055],[2.3805704704261483,48.845515702561784],[2.3797933509555094,48.84517682301827],[2.3797617177023995,48.84518115940858],[2.3780618163716425,48.8460001831675],[2.3767510213763807,48.84665467529102],[2.377729039868201,48.84732200476646],[2.3789595066210123,48.84646494320062],[2.3796875392274317,48.84654506031492],[2.380506107947397,48.84781554038745],[2.3805530465129685,48.847824559336125],[2.3812323259620825,48.84698166983984],[2.381697145399502,48.84674336023777],[2.3832722165053144,48.84491956806047]]],""type"":""Polygon""}";48.84621571952567, 2.3801175429790047;60900,5749;1397,604575;58;58 %
61;Municipales;2020;1;15/03/20;8;47;12;61;16;1483;685;685;9;16;660;33;7;211;7;95;165;59;8;75;"{""coordinates"":[[[2.3882632175123466,48.83803154587354],[2.388234831171689,48.83676555301861],[2.3865607274082055,48.83590463351013],[2.3846390857442556,48.83488686118358],[2.3845900307954935,48.83492290540077],[2.382514141698578,48.83644762914055],[2.382510704468717,48.836470276285056],[2.3835868398867346,48.8371426461002],[2.383715103364018,48.837115222571136],[2.386827388916398,48.83918227194827],[2.3882632175123466,48.83803154587354]]],""type"":""Polygon""}";48.83696042780623, 2.3857302622987615;103729,4635;1321,747415;54;54 %
62;Municipales;2020;1;15/03/20;7;48;12;62;33;1410;679;679;2;5;672;30;3;306;8;90;95;39;4;97;"{""coordinates"":[[[2.375901758721477,48.851334169729824],[2.3771612600449816,48.851024633445796],[2.3771256676138277,48.850983302743224],[2.3770844932811226,48.8510020521543],[2.3767724599747115,48.850900183498304],[2.3763106965686513,48.85025283903714],[2.376265939874303,48.85025154538457],[2.375481560045266,48.85066692413706],[2.375436808061203,48.850667369551495],[2.374195516140734,48.84957499226372],[2.3725747092707223,48.84867807996619],[2.3711611522376232,48.849364410795424],[2.373167489170099,48.85058755774514],[2.3731641311303617,48.850609890000996],[2.3719231948929,48.851674319258784],[2.3722705080941195,48.85230956254639],[2.373776774577021,48.85186648031982],[2.375901758721477,48.851334169729824]]],""type"":""Polygon""}";48.850571193106006, 2.3737657619763186;72323,14605;1444,049279;52;52 %
63;Municipales;2020;1;15/03/20;7;48;12;63;31;1348;564;564;1;10;553;30;4;191;7;73;138;40;3;67;"{""coordinates"":[[[2.3797617177023995,48.84518115940858],[2.3797933509555094,48.84517682301827],[2.3805704704261483,48.845515702561784],[2.3810362348370893,48.84531940196055],[2.3813464821928307,48.84543712995839],[2.3832053414429604,48.84489461146741],[2.3831796252918913,48.84484194738978],[2.382968620234902,48.84482060034654],[2.379970333113299,48.84369912494023],[2.3781975203590355,48.8446062596287],[2.378171085362172,48.844602629119564],[2.3779173104252287,48.844389188860504],[2.3753991334086932,48.84532798593308],[2.3753876011160338,48.84536018839815],[2.3760643279251905,48.845742909643256],[2.3761024287775556,48.84574405087099],[2.376936918317244,48.845329898914656],[2.3776420008526107,48.84549338212925],[2.3780618163716425,48.8460001831675],[2.3797617177023995,48.84518115940858]]],""type"":""Polygon""}";48.84488176276923, 2.3793883167439565;62045,8531;1392,526221;58;58 %
64;Municipales;2020;1;15/03/20;8;45;12;64;24;1280;645;645;1;7;637;19;2;207;8;105;140;74;5;77;"{""coordinates"":[[[2.4051507257294613,48.83814212517305],[2.4051833330803487,48.8381400919811],[2.4059208487105606,48.838363841576985],[2.4059554961995775,48.838351488245316],[2.4059019834866677,48.83828035642175],[2.4059392518376432,48.83826445464067],[2.405883842542784,48.83824915831799],[2.4041100055132505,48.83605481459232],[2.403030107666832,48.83609017910421],[2.402929158647542,48.836217694183546],[2.4035685250427763,48.836705963411426],[2.4041699147450784,48.83914164014412],[2.4041489026466927,48.83916322266216],[2.4043759240746714,48.8391875307036],[2.4044056644759766,48.8391766427325],[2.4051507257294613,48.83814212517305]]],""type"":""Polygon""}";48.8374922284848, 2.4043734837378072;30146,7002;949,0599656;50;50 %
